"No","Nombre","Rol","Usuario","Contrasena","Correo","Departamento"
"1","Coordinación Académica FIUAT","Administrador","admin","admin","coordinacion@ingenieria.uat.edu.mx","Dirección y Gestión Docente"
"2","ACOSTA CERVANTES MARY CARMEN","Docente","acervantes","123","acervantes@docentes.uat.edu.mx","Facultad de Ingeniería Tampico"
"3","AGUILAR CONSTANTINO ARELY","Docente","aconstantino","123","aconstantino@docentes.uat.edu.mx","Facultad de Ingeniería Tampico"
"4","AGUILAR DIAZ LILIANA","Docente","adiaz","123","adiaz@docentes.uat.edu.mx","Facultad de Ingeniería Tampico"
"5","AGUILAR RODRIGUEZ MONICA DHUBE","Docente","arodriguez","123","arodriguez@docentes.uat.edu.mx","Facultad de Ingeniería Tampico"
"6","ALONSO RUIZ JORGE ABALAY","Docente","aruiz","123","aruiz@docentes.uat.edu.mx","Facultad de Ingeniería Tampico"
"7","ALVAREZ NAVARRO EDUARDO","Docente","anavarro","123","anavarro@docentes.uat.edu.mx","Facultad de Ingeniería Tampico"
"8","AMAYA PURATA DAVID AZAEL","Docente","apurata","123","apurata@docentes.uat.edu.mx","Facultad de Ingeniería Tampico"
"9","ARADILLAS PIÑA DINORA","Docente","apia","123","apia@docentes.uat.edu.mx","Facultad de Ingeniería Tampico"
"10","ARCOS ESPINOSA JAVIER AURELIO","Docente","aespinosa","123","aespinosa@docentes.uat.edu.mx","Facultad de Ingeniería Tampico"
"11","AYALA PIÑEYRO ENRIQUE","Docente","apieyro","123","apieyro@docentes.uat.edu.mx","Facultad de Ingeniería Tampico"
"12","AZUARA HERNANDEZ MARCOS ALFREDO","Docente","ahernandez","123","ahernandez@docentes.uat.edu.mx","Facultad de Ingeniería Tampico"
"13","BALLEZA LOPEZ CARLOS URBANO","Docente","blopez","123","blopez@docentes.uat.edu.mx","Facultad de Ingeniería Tampico"
"14","BARRAGAN FLORES ANETTE MICHAELLE","Docente","bflores","123","bflores@docentes.uat.edu.mx","Facultad de Ingeniería Tampico"
"15","BARRAGAN RAMIREZ RODOLFO","Docente","bramirez","123","bramirez@docentes.uat.edu.mx","Facultad de Ingeniería Tampico"
"16","BARRIENTOS CISNEROS JULIO CESAR","Docente","bcisneros","123","bcisneros@docentes.uat.edu.mx","Facultad de Ingeniería Tampico"
"17","BAUTISTA GARCIA ROBERTO","Docente","bgarcia","123","bgarcia@docentes.uat.edu.mx","Facultad de Ingeniería Tampico"
"18","BECERRA DEL ANGEL ARMANDO","Docente","bdel","123","bdel@docentes.uat.edu.mx","Facultad de Ingeniería Tampico"
"19","BENITO DIAZ MARIA LUISA BERENICE","Docente","bdiaz","123","bdiaz@docentes.uat.edu.mx","Facultad de Ingeniería Tampico"
"20","BERMEA BARRIOS JUAN ENRIQUE","Docente","bbarrios","123","bbarrios@docentes.uat.edu.mx","Facultad de Ingeniería Tampico"
"21","BETANCOURT NUÑEZ ALFONSO","Docente","bnuez","123","bnuez@docentes.uat.edu.mx","Facultad de Ingeniería Tampico"
"22","BORJAS POLANCO MIGUEL ANGEL","Docente","bpolanco","123","bpolanco@docentes.uat.edu.mx","Facultad de Ingeniería Tampico"
"23","CABRERA CRUZ RENE BERNARDO ELIAS","Docente","ccruz","123","ccruz@docentes.uat.edu.mx","Facultad de Ingeniería Tampico"
"24","CANTU DAVILA JOSE FRANCISCO","Docente","cdavila","123","cdavila@docentes.uat.edu.mx","Facultad de Ingeniería Tampico"
"25","CARDONA HONDALL ROSA CARMINA","Docente","chondall","123","chondall@docentes.uat.edu.mx","Facultad de Ingeniería Tampico"
"26","CARMONA ESQUEDA ROBERTO","Docente","cesqueda","123","cesqueda@docentes.uat.edu.mx","Facultad de Ingeniería Tampico"
"27","CASTAN ROCHA EMILIO","Docente","crocha","123","crocha@docentes.uat.edu.mx","Facultad de Ingeniería Tampico"
"28","CASTAN ROCHA JOSE ANTONIO","Docente","crocha","123","crocha@docentes.uat.edu.mx","Facultad de Ingeniería Tampico"
"29","CASTELLANOS DIAZ VERONICA","Docente","cdiaz","123","cdiaz@docentes.uat.edu.mx","Facultad de Ingeniería Tampico"
"30","CASTILLO ESTRADA MERCEDES ELENA","Docente","cestrada","123","cestrada@docentes.uat.edu.mx","Facultad de Ingeniería Tampico"
"31","CAVAZOS MATSUMOTO ADHARA ALEJANDRA","Docente","cmatsumoto","123","cmatsumoto@docentes.uat.edu.mx","Facultad de Ingeniería Tampico"
"32","CAZARES VIDAL EMMANUEL","Docente","cvidal","123","cvidal@docentes.uat.edu.mx","Facultad de Ingeniería Tampico"
"33","CERVANTES CHIRINOS ERICK EMMANUEL","Docente","cchirinos","123","cchirinos@docentes.uat.edu.mx","Facultad de Ingeniería Tampico"
"34","CHAVIRA JUAREZ GABRIEL","Docente","cjuarez","123","cjuarez@docentes.uat.edu.mx","Facultad de Ingeniería Tampico"
"35","CHONG CRUZ VERONICA","Docente","ccruz","123","ccruz@docentes.uat.edu.mx","Facultad de Ingeniería Tampico"
"36","DE LA LLATA RAMOS JUAN ANTONIO","Docente","dla","123","dla@docentes.uat.edu.mx","Facultad de Ingeniería Tampico"
"37","DE LA TORRE GUZMAN LUIS EDUARDO","Docente","dla","123","dla@docentes.uat.edu.mx","Facultad de Ingeniería Tampico"
"38","DEANTES PEREZ JOSE AGUSTIN","Docente","dperez","123","dperez@docentes.uat.edu.mx","Facultad de Ingeniería Tampico"
"39","DEL ANGEL GOMEZ ERIK JAVIER","Docente","dangel","123","dangel@docentes.uat.edu.mx","Facultad de Ingeniería Tampico"
"40","DEL ANGEL MORA BRENDA BERENICE","Docente","dangel","123","dangel@docentes.uat.edu.mx","Facultad de Ingeniería Tampico"
"41","DIAZ JUAREZ JOSE LUIS","Docente","djuarez","123","djuarez@docentes.uat.edu.mx","Facultad de Ingeniería Tampico"
"42","FERNANDEZ IZAGUIRRE PAULINA","Docente","fizaguirre","123","fizaguirre@docentes.uat.edu.mx","Facultad de Ingeniería Tampico"
"43","FRANCO PEREZ BRENDA YUDITH","Docente","fperez","123","fperez@docentes.uat.edu.mx","Facultad de Ingeniería Tampico"
"44","FUENTES CASTRO JUAN ANGEL","Docente","fcastro","123","fcastro@docentes.uat.edu.mx","Facultad de Ingeniería Tampico"
"45","GALINDO LOPEZ RUTH DEL CARMEN","Docente","glopez","123","glopez@docentes.uat.edu.mx","Facultad de Ingeniería Tampico"
"46","GAMBOA SOTO FEDERICO","Docente","gsoto","123","gsoto@docentes.uat.edu.mx","Facultad de Ingeniería Tampico"
"47","GARCIA BADILLO JUDITH","Docente","gbadillo","123","gbadillo@docentes.uat.edu.mx","Facultad de Ingeniería Tampico"
"48","GARCIA CANTERO IRVING ROMAN","Docente","gcantero","123","gcantero@docentes.uat.edu.mx","Facultad de Ingeniería Tampico"
"49","GARCIA ELISEO LUIS ARMANDO","Docente","geliseo","123","geliseo@docentes.uat.edu.mx","Facultad de Ingeniería Tampico"
"50","GARCIA RETA ERNESTO","Docente","greta","123","greta@docentes.uat.edu.mx","Facultad de Ingeniería Tampico"
"51","GARCIA RUIZ ALEJANDRO HUMBERTO","Docente","gruiz","123","gruiz@docentes.uat.edu.mx","Facultad de Ingeniería Tampico"
"52","GARRIDO RAMIREZ ROXANA JANETH","Docente","gramirez","123","gramirez@docentes.uat.edu.mx","Facultad de Ingeniería Tampico"
"53","GOMEZ RUBIO FANNY VANESSA","Docente","grubio","123","grubio@docentes.uat.edu.mx","Facultad de Ingeniería Tampico"
"54","GONZALEZ AGRAZ MARTHA PATRICIA","Docente","gagraz","123","gagraz@docentes.uat.edu.mx","Facultad de Ingeniería Tampico"
"55","GONZALEZ BRAVO EDER JAHIR","Docente","gbravo","123","gbravo@docentes.uat.edu.mx","Facultad de Ingeniería Tampico"
"56","GONZALEZ DEL ANGEL LUIS JONAS","Docente","gdel","123","gdel@docentes.uat.edu.mx","Facultad de Ingeniería Tampico"
"57","GONZALEZ DURAN NORA HILDA","Docente","gduran","123","gduran@docentes.uat.edu.mx","Facultad de Ingeniería Tampico"
"58","GONZALEZ HERNANDEZ ANDRES","Docente","ghernandez","123","ghernandez@docentes.uat.edu.mx","Facultad de Ingeniería Tampico"
"59","GONZALEZ TURRUBIATES ALEJANDRO","Docente","gturrubiates","123","gturrubiates@docentes.uat.edu.mx","Facultad de Ingeniería Tampico"
"60","GONZALEZ TURRUBIATES DORA MARIA ESTHER","Docente","gturrubiates","123","gturrubiates@docentes.uat.edu.mx","Facultad de Ingeniería Tampico"
"61","GONZALEZ TURRUBIATES JOSE GABRIEL","Docente","gturrubiates","123","gturrubiates@docentes.uat.edu.mx","Facultad de Ingeniería Tampico"
"62","GRACIA GUZMAN MARIA DOLORES","Docente","gguzman","123","gguzman@docentes.uat.edu.mx","Facultad de Ingeniería Tampico"
"63","GUILLEN VAZQUEZ ZAYRA ITZZEL","Docente","gvazquez","123","gvazquez@docentes.uat.edu.mx","Facultad de Ingeniería Tampico"
"64","GUTIERREZ VEGA GUILLERMO ADRIAN","Docente","gvega","123","gvega@docentes.uat.edu.mx","Facultad de Ingeniería Tampico"
"65","GUZMAN GARCIA JUAN CARLOS","Docente","ggarcia","123","ggarcia@docentes.uat.edu.mx","Facultad de Ingeniería Tampico"
"66","GUZMAN OBANDO JAVIER","Docente","gobando","123","gobando@docentes.uat.edu.mx","Facultad de Ingeniería Tampico"
"67","HERNANDEZ MARIN JUAN CARLOS","Docente","hmarin","123","hmarin@docentes.uat.edu.mx","Facultad de Ingeniería Tampico"
"68","HERNANDEZ RAMIREZ LEO","Docente","hramirez","123","hramirez@docentes.uat.edu.mx","Facultad de Ingeniería Tampico"
"69","HERNANDEZ REJON ELDA MARGARITA","Docente","hrejon","123","hrejon@docentes.uat.edu.mx","Facultad de Ingeniería Tampico"
"70","HERNANDEZ REJON ROSA MARIA","Docente","hrejon","123","hrejon@docentes.uat.edu.mx","Facultad de Ingeniería Tampico"
"71","HERRERA BARAJAS LUIS ANGEL","Docente","hbarajas","123","hbarajas@docentes.uat.edu.mx","Facultad de Ingeniería Tampico"
"72","HURTADO MORA HYASSELINY ALEJANDRA","Docente","hmora","123","hmora@docentes.uat.edu.mx","Facultad de Ingeniería Tampico"
"73","IBARRA MARTINEZ SALVADOR","Docente","imartinez","123","imartinez@docentes.uat.edu.mx","Facultad de Ingeniería Tampico"
"74","JIMENEZ QUINTERO GONZALO DANIEL","Docente","jquintero","123","jquintero@docentes.uat.edu.mx","Facultad de Ingeniería Tampico"
"75","JIMENEZ ZARATE STEPHANIE","Docente","jzarate","123","jzarate@docentes.uat.edu.mx","Facultad de Ingeniería Tampico"
"76","LARIA MENCHACA JULIO","Docente","lmenchaca","123","lmenchaca@docentes.uat.edu.mx","Facultad de Ingeniería Tampico"
"77","LARIA PINO JULIO ANTONIO","Docente","lpino","123","lpino@docentes.uat.edu.mx","Facultad de Ingeniería Tampico"
"78","LAUREANO CASANOVA OSCAR","Docente","lcasanova","123","lcasanova@docentes.uat.edu.mx","Facultad de Ingeniería Tampico"
"79","LEAL DEL ANGEL GILBERTO","Docente","ldel","123","ldel@docentes.uat.edu.mx","Facultad de Ingeniería Tampico"
"80","LEAL RODRIGUEZ MARIO ANDRES DE JESUS","Docente","lrodriguez","123","lrodriguez@docentes.uat.edu.mx","Facultad de Ingeniería Tampico"
"81","LEON CORNEJO ANGELICA","Docente","lcornejo","123","lcornejo@docentes.uat.edu.mx","Facultad de Ingeniería Tampico"
"82","LIRA GARCIA KATEA ELIZABETH","Docente","lgarcia","123","lgarcia@docentes.uat.edu.mx","Facultad de Ingeniería Tampico"
"83","LOPEZ GUZMAN GRISELDA EDITH","Docente","lguzman","123","lguzman@docentes.uat.edu.mx","Facultad de Ingeniería Tampico"
"84","LOPEZ LEDEZMA ARMANDO","Docente","lledezma","123","lledezma@docentes.uat.edu.mx","Facultad de Ingeniería Tampico"
"85","LOPEZ VAZQUEZ DIOCELINA","Docente","lvazquez","123","lvazquez@docentes.uat.edu.mx","Facultad de Ingeniería Tampico"
"86","LOREDO HERNANDEZ CARLOS ALFREDO","Docente","lhernandez","123","lhernandez@docentes.uat.edu.mx","Facultad de Ingeniería Tampico"
"87","LOREDO HERNANDEZ ROCIO ANABELL","Docente","lhernandez","123","lhernandez@docentes.uat.edu.mx","Facultad de Ingeniería Tampico"
"88","MALDONADO ROBERT SUSAN MARGARITA","Docente","mrobert","123","mrobert@docentes.uat.edu.mx","Facultad de Ingeniería Tampico"
"89","MAR ORTIZ JULIO","Docente","mortiz","123","mortiz@docentes.uat.edu.mx","Facultad de Ingeniería Tampico"
"90","MARES LOPEZ OLGA LETICIA","Docente","mlopez","123","mlopez@docentes.uat.edu.mx","Facultad de Ingeniería Tampico"
"91","MARTINEZ GARCIA MARIA ELENA","Docente","mgarcia","123","mgarcia@docentes.uat.edu.mx","Facultad de Ingeniería Tampico"
"92","MARTINEZ MANZANO SERGIO JAVIER","Docente","mmanzano","123","mmanzano@docentes.uat.edu.mx","Facultad de Ingeniería Tampico"
"93","MARTINEZ NAVARRO JOSE LUIS","Docente","mnavarro","123","mnavarro@docentes.uat.edu.mx","Facultad de Ingeniería Tampico"
"94","MARTINEZ OSTI JOSE RICARDO","Docente","mosti","123","mosti@docentes.uat.edu.mx","Facultad de Ingeniería Tampico"
"95","MARTINEZ PONCE MARIO ALBERTO","Docente","mponce","123","mponce@docentes.uat.edu.mx","Facultad de Ingeniería Tampico"
"96","MERAZ RODRIGUEZ LILIA ALEJANDRA","Docente","mrodriguez","123","mrodriguez@docentes.uat.edu.mx","Facultad de Ingeniería Tampico"
"97","MONGENYIP VELA MONICA","Docente","mvela","123","mvela@docentes.uat.edu.mx","Facultad de Ingeniería Tampico"
"98","MONTOTO GONZALEZ ADRIANA","Docente","mgonzalez","123","mgonzalez@docentes.uat.edu.mx","Facultad de Ingeniería Tampico"
"99","MORALES ACEVEDO OMAR ALEJANDRO","Docente","macevedo","123","macevedo@docentes.uat.edu.mx","Facultad de Ingeniería Tampico"
"100","MORALES RAMIREZ DIONICIO","Docente","mramirez","123","mramirez@docentes.uat.edu.mx","Facultad de Ingeniería Tampico"
"101","MORALES RIVERA RAUL ALEJANDRO","Docente","mrivera","123","mrivera@docentes.uat.edu.mx","Facultad de Ingeniería Tampico"
"102","MORENO MENDOZA ISIDRO","Docente","mmendoza","123","mmendoza@docentes.uat.edu.mx","Facultad de Ingeniería Tampico"
"103","MORENO RAMOS DAVID ANGEL","Docente","mramos","123","mramos@docentes.uat.edu.mx","Facultad de Ingeniería Tampico"
"104","MUÑOZ QUINTERO DANTE ADOLFO","Docente","mquintero","123","mquintero@docentes.uat.edu.mx","Facultad de Ingeniería Tampico"
"105","NAVA DIAZ SALVADOR WILFRIDO","Docente","ndiaz","123","ndiaz@docentes.uat.edu.mx","Facultad de Ingeniería Tampico"
"106","OLIVERA ZURA ANGEL FRANCISCO","Docente","ozura","123","ozura@docentes.uat.edu.mx","Facultad de Ingeniería Tampico"
"107","OLMOS AGUILAR LUIS FERNANDO","Docente","oaguilar","123","oaguilar@docentes.uat.edu.mx","Facultad de Ingeniería Tampico"
"108","OROZCO ROBLES JORGE","Docente","orobles","123","orobles@docentes.uat.edu.mx","Facultad de Ingeniería Tampico"
"109","ORTEGA GUZMAN ANDREA","Docente","oguzman","123","oguzman@docentes.uat.edu.mx","Facultad de Ingeniería Tampico"
"110","OVIEDO SALAS EDGAR ALBERTO","Docente","osalas","123","osalas@docentes.uat.edu.mx","Facultad de Ingeniería Tampico"
"111","PANCARDO PEREZ JANNYA","Docente","pperez","123","pperez@docentes.uat.edu.mx","Facultad de Ingeniería Tampico"
"112","PEÑA ALONSO TOMAS ALEJANDRO","Docente","palonso","123","palonso@docentes.uat.edu.mx","Facultad de Ingeniería Tampico"
"113","PEÑA RAMOS ALFREDO","Docente","pramos","123","pramos@docentes.uat.edu.mx","Facultad de Ingeniería Tampico"
"114","PEREZ COBOS JULISA","Docente","pcobos","123","pcobos@docentes.uat.edu.mx","Facultad de Ingeniería Tampico"
"115","PICHARDO AGUILAR MARIA FERNANDA","Docente","paguilar","123","paguilar@docentes.uat.edu.mx","Facultad de Ingeniería Tampico"
"116","PICHARDO RAMIREZ ROBERTO","Docente","pramirez","123","pramirez@docentes.uat.edu.mx","Facultad de Ingeniería Tampico"
"117","RANGEL GONZALEZ JAVIER ALBERTO","Docente","rgonzalez","123","rgonzalez@docentes.uat.edu.mx","Facultad de Ingeniería Tampico"
"118","REYNOSO MARTINEZ JORGE OCTAVIO","Docente","rmartinez","123","rmartinez@docentes.uat.edu.mx","Facultad de Ingeniería Tampico"
"119","RIVERA PEREZ CARLOS ALBERTO","Docente","rperez","123","rperez@docentes.uat.edu.mx","Facultad de Ingeniería Tampico"
"120","RODRIGUEZ PEREZ ROBERTO","Docente","rperez","123","rperez@docentes.uat.edu.mx","Facultad de Ingeniería Tampico"
"121","ROLON AGUILAR ELVIRA","Docente","raguilar","123","raguilar@docentes.uat.edu.mx","Facultad de Ingeniería Tampico"
"122","ROLON AGUILAR JULIO CESAR","Docente","raguilar","123","raguilar@docentes.uat.edu.mx","Facultad de Ingeniería Tampico"
"123","RUIZ DEL ANGEL EDGAR OMAR","Docente","rdel","123","rdel@docentes.uat.edu.mx","Facultad de Ingeniería Tampico"
"124","RUIZ VELAZQUEZ MIGUEL","Docente","rvelazquez","123","rvelazquez@docentes.uat.edu.mx","Facultad de Ingeniería Tampico"
"125","SALDAÑA MELO JOSE ISRAEL","Docente","smelo","123","smelo@docentes.uat.edu.mx","Facultad de Ingeniería Tampico"
"126","SALMERON GALLARDO YURIDIA AZUCENA","Docente","sgallardo","123","sgallardo@docentes.uat.edu.mx","Facultad de Ingeniería Tampico"
"127","SAN VICENTE MENDOZA MARIO ALBERTO","Docente","svicente","123","svicente@docentes.uat.edu.mx","Facultad de Ingeniería Tampico"
"128","SANCHEZ GARCIA HECTOR MANUEL","Docente","sgarcia","123","sgarcia@docentes.uat.edu.mx","Facultad de Ingeniería Tampico"
"129","SANCHEZ GONZALEZ JAIME ATAULFO","Docente","sgonzalez","123","sgonzalez@docentes.uat.edu.mx","Facultad de Ingeniería Tampico"
"130","SANCHEZ VELAZQUEZ HECTOR ORLANDO","Docente","svelazquez","123","svelazquez@docentes.uat.edu.mx","Facultad de Ingeniería Tampico"
"131","SANTIAGO PINEDA AURELIO ALEJANDRO","Docente","spineda","123","spineda@docentes.uat.edu.mx","Facultad de Ingeniería Tampico"
"132","SILVA SANTOS ALFONSO","Docente","ssantos","123","ssantos@docentes.uat.edu.mx","Facultad de Ingeniería Tampico"
"133","SOSA PEREZ FELIPE JAVIER","Docente","sperez","123","sperez@docentes.uat.edu.mx","Facultad de Ingeniería Tampico"
"134","SUAREZ OLGUIN OSCAR JESUS","Docente","solguin","123","solguin@docentes.uat.edu.mx","Facultad de Ingeniería Tampico"
"135","TENORIO GARCIA CARLOS","Docente","tgarcia","123","tgarcia@docentes.uat.edu.mx","Facultad de Ingeniería Tampico"
"136","TERAN VILLANUEVA JESUS DAVID","Docente","tvillanueva","123","tvillanueva@docentes.uat.edu.mx","Facultad de Ingeniería Tampico"
"137","TINOCO MENDIOLA RENE","Docente","tmendiola","123","tmendiola@docentes.uat.edu.mx","Facultad de Ingeniería Tampico"
"138","TOBIAS JARAMILLO RICARDO","Docente","tjaramillo","123","tjaramillo@docentes.uat.edu.mx","Facultad de Ingeniería Tampico"
"139","TOLEDO BARAJAS LEONOR","Docente","tbarajas","123","tbarajas@docentes.uat.edu.mx","Facultad de Ingeniería Tampico"
"140","TORRES SANCHEZ CARLOS ALBERTO","Docente","tsanchez","123","tsanchez@docentes.uat.edu.mx","Facultad de Ingeniería Tampico"
"141","TREVIÑO BERRONES MAYRA GUADALUPE","Docente","tberrones","123","tberrones@docentes.uat.edu.mx","Facultad de Ingeniería Tampico"
"142","TREVIÑO HERNANDEZ RAUL","Docente","thernandez","123","thernandez@docentes.uat.edu.mx","Facultad de Ingeniería Tampico"
"143","TREVIÑO TRUJILLO JUANA","Docente","ttrujillo","123","ttrujillo@docentes.uat.edu.mx","Facultad de Ingeniería Tampico"
"144","VALENZUELA FERNANDEZ JOSE RAUL","Docente","vfernandez","123","vfernandez@docentes.uat.edu.mx","Facultad de Ingeniería Tampico"
"145","VALLE SEGOVIA PEDRO","Docente","vsegovia","123","vsegovia@docentes.uat.edu.mx","Facultad de Ingeniería Tampico"
"146","VARGAS CASTILLEJA ROCIO DEL CARMEN","Docente","vcastilleja","123","vcastilleja@docentes.uat.edu.mx","Facultad de Ingeniería Tampico"
"147","VAZQUEZ PIMIENTA NORMA ANGELICA","Docente","vpimienta","123","vpimienta@docentes.uat.edu.mx","Facultad de Ingeniería Tampico"
"148","VAZQUEZ VEGA ALEJANDRA","Docente","vvega","123","vvega@docentes.uat.edu.mx","Facultad de Ingeniería Tampico"
"149","VEGA SANCHEZ ALEJANDRO","Docente","vsanchez","123","vsanchez@docentes.uat.edu.mx","Facultad de Ingeniería Tampico"
"150","VIDAL ACOSTA ANTONIO","Docente","vacosta","123","vacosta@docentes.uat.edu.mx","Facultad de Ingeniería Tampico"
"151","VILLALOBOS ESCOBAR GINA PAOLA","Docente","vescobar","123","vescobar@docentes.uat.edu.mx","Facultad de Ingeniería Tampico"
"152","VILLARREAL SNYDER EUGENIA GRACIELA","Docente","vsnyder","123","vsnyder@docentes.uat.edu.mx","Facultad de Ingeniería Tampico"
"153","ZAVALA GUERRERO LUIS ALVARO","Docente","zguerrero","123","zguerrero@docentes.uat.edu.mx","Facultad de Ingeniería Tampico"
"154","ZUÑIGA GALLEGOS JORGE ADBEEL","Docente","zgallegos","123","zgallegos@docentes.uat.edu.mx","Facultad de Ingeniería Tampico"
